<?xml version="1.0" encoding="UTF-8" standalone="yes"?>
<addon id="repository.ares-project" name="Ares-Project" version="1.0" provider-name="Ares Team">
	<extension point="xbmc.addon.repository" name="Ares-Project Repository">
        <info compressed="false">https://raw.githubusercontent.com/aresteam/vault/master/addon.xml</info>
	<checksum>https://raw.githubusercontent.com/aresteam/vault/master/addon.xml.md5</checksum>
	<datadir zip="true">repo.ares-project.com/</datadir>
        </extension>
	<extension point="xbmc.addon.metadata">
		<summary></summary>
		<description>Ares Point of Distribution</description>
		<disclaimer></disclaimer>
		<platform>all</platform>
	</extension>
</addon>
